<?xml version="1.0" encoding="UTF-8"?>
<project-private xmlns="http://www.netbeans.org/ns/project-private/1">
    <editor-bookmarks xmlns="http://www.netbeans.org/ns/editor-bookmarks/2" lastBookmarkId="0"/>
    <open-files xmlns="http://www.netbeans.org/ns/projectui-open-files/2">
        <group>
            <file>file:/C:/Users/ingri/OneDrive%20-%20SENAC%20-%20SP/Documentos/NetBeansProjects/Sistema_LojadeRoupa/src/Estoque.java</file>
            <file>file:/C:/Users/ingri/OneDrive%20-%20SENAC%20-%20SP/Documentos/NetBeansProjects/Sistema_LojadeRoupa/src/Login.java</file>
            <file>file:/C:/Users/ingri/OneDrive%20-%20SENAC%20-%20SP/Documentos/NetBeansProjects/Sistema_LojadeRoupa/src/Fornecedores.java</file>
            <file>file:/C:/Users/ingri/OneDrive%20-%20SENAC%20-%20SP/Documentos/NetBeansProjects/Sistema_LojadeRoupa/src/Controle_de_Unidades.java</file>
            <file>file:/C:/Users/ingri/OneDrive%20-%20SENAC%20-%20SP/Documentos/NetBeansProjects/Sistema_LojadeRoupa/src/Receita.java</file>
            <file>file:/C:/Users/ingri/OneDrive%20-%20SENAC%20-%20SP/Documentos/NetBeansProjects/Sistema_LojadeRoupa/src/Despesa.java</file>
            <file>file:/C:/Users/ingri/OneDrive%20-%20SENAC%20-%20SP/Documentos/NetBeansProjects/Sistema_LojadeRoupa/src/Menu.java</file>
            <file>file:/C:/Users/ingri/OneDrive%20-%20SENAC%20-%20SP/Documentos/NetBeansProjects/Sistema_LojadeRoupa/src/Funcionarios.java</file>
            <file>file:/C:/Users/ingri/OneDrive%20-%20SENAC%20-%20SP/Documentos/NetBeansProjects/Sistema_LojadeRoupa/src/Tela_Inicial.java</file>
            <file>file:/C:/Users/ingri/OneDrive%20-%20SENAC%20-%20SP/Documentos/NetBeansProjects/Sistema_LojadeRoupa/src/Lista_de_compras.java</file>
            <file>file:/C:/Users/ingri/OneDrive%20-%20SENAC%20-%20SP/Documentos/NetBeansProjects/Sistema_LojadeRoupa/src/Clientes.java</file>
            <file>file:/C:/Users/ingri/OneDrive%20-%20SENAC%20-%20SP/Documentos/NetBeansProjects/Sistema_LojadeRoupa/src/Vendas_Online.java</file>
        </group>
    </open-files>
</project-private>
